Артикул;Наименование;Единица_измерения;Количество;Основной_поставщик;Изображение;Тип_фурнитуры;Закупочная_цена;Вес
PN63;Дюбель 6 серый;шт;2302;;;Дюбель;1,13;
PN84;Дюбель  серый;шт;1018;;;Дюбель;1,91;
40060805;Саморез с потайной головкой под крест ;шт;2122;;;Саморез;0,42;
60103350ZN;LIKU Саморез с полукруглой головкой под крест для крепления мебельного навеса;шт;1420;;;Саморез;4,24;
SW50X35KB;Саморез с цилиндрической головкой и внутренним шестигранником;шт;544;;;Саморез;4,68;
SW60X35KB;Саморез с цилиндрической головкой и внутренним шестигранником;шт;1176;;;Саморез;4,68;
US30X13KB;Саморез с потайной головкой под крест;упак;767;;;Саморез;269,86;
US30X16KB;Саморез с потайной головкой под крест;упак;2088;;;Саморез;301,87;
US30X20KB;Саморез с потайной головкой под крест;упак;699;;;Саморез;350,93;
US30X30KB;Саморез с потайной головкой под крест;упак;699;;;Саморез;450,09;
US35X13KB;Саморез с потайной головкой под крест;упак;1132;;;Саморез;264,84;
US35X16BL;Саморез с потайной головкой под крест;упак;2751;;;Саморез;61,85;
US35X16KB;Саморез с потайной головкой под крест;упак;2707;;;Саморез;299,47;
US35X20KB;Саморез с потайной головкой под крест;упак;2708;;;Саморез;357,00;
US35X25KB;Саморез с потайной головкой под крест;упак;1192;;;Саморез;403,87;
US35X30KB;Саморез с потайной головкой под крест;упак;710;;;Саморез;431,85;
US35X40KB;Саморез с потайной головкой под крест;упак;1355;;;Саморез;604,53;
US35X60KB;Саморез с потайной головкой под крест;упак;1504;;;Саморез;262,86;
US40X16BL;Саморез с потайной головкой под крест;упак;334;;;Саморез;70,54;
US40X16KB;Саморез с потайной головкой под крест;упак;1634;;;Саморез;368,53;
US40X20KB;Саморез с потайной головкой под крест;упак;1224;;;Саморез;209,57;
US40X25KB;Саморез с потайной головкой под крест;упак;137;;;Саморез;241,87;
US40X30KB;Саморез с потайной головкой под крест;упак;1596;;;Саморез;290,28;
US40X40KB;Саморез с потайной головкой под крест;упак;2868;;;Саморез;333,96;
US60X30KB;Саморез с потай;упак;1575;;;Саморез;316,52;
US60X30KB;Саморез с потай;упак;1718;;;Саморез;30,50;
UW30X50KB;Саморез с полукруглой головкой под крест;упак;277;;;Саморез;200,00;
UW30X50KB;Саморез с полукруглой головкой под крест;упак;1458;;;Саморез;20,00;
UW40X30KB;Саморез с полукруглой головкой под крест;упак;2933;;;Саморез;1046,77;
63Х13VЕ05;Евровинт с потайной головкой;тыс. шт.;1033;;;Евровинт;679,45;
EC40X130;Евровинт с потайной головкой;тыс. шт.;1326;;;Евровинт;484,65;
EC60X115;Евровинт с потайной головкой;шт;2521;;;Евровинт;0,78;
EC63X130;Евровинт с потайной головкой;тыс. шт.;2482;;;Евровинт;679,45;
EC63X160;Евровинт с потайной головкой;упак;1619;;;Евровинт;106,44;
EC63X200;Евровинт с потайной головкой;упак;1237;;;Евровинт;130,97;
V6310;Евровинт с полукруглой головкой для соосного крепления площадок петель;шт;1202;;;Евровинт;2,19;
V6313;Евровинт с полукруглой головкой;шт;1502;;;Евровинт;2,33;
VS05FZ;Евровинт с потайной головкой для держателя задней панели FM2;шт;2499;;;Евровинт;2,40;
2600950M4X95;Винт с потайной головкой под крест;шт;469;;;Винт;2,76;
50105M6X30;Винт с потайной головкой под шестигранник;шт;2446;;;Винт;2,97;
50205M6X80;Винт стяжки Бочонок с потайной головкой под шестигранник;шт;2455;;;Винт;5,80;
50305M6X70;Винт стяжки Бочонок с потайной головкой под шестигранник;шт;144;;;Винт;5,02;
50405M6X120;Винт стяжки Бочонок с потайной головкой под шестигранник;шт;2491;;;Винт;9,12;
50505M6X90;Винт стяжки Бочонок с потайной головкой под шестигранник;шт;1336;;;Винт;7,35;
50605M6X60;Винт стяжки Бочонок с потайной головкой под шестигранник;шт;2484;;;Винт;4,81;
50650M6X50;Винт стяжки Бочонок с плоской головкой под шестигранник;шт;2936;;;Винт;3,05;
50660M6X60;Винт стяжки Бочонок с плоской головкой под шестигранник;шт;310;;;Винт;3,78;
50670M6X70;Винт стяжки Бочонок с плоской головкой под шестигранник;шт;2827;;;Винт;4,10;
50680M6X80;Винт стяжки Бочонок с плоской головкой под шестигранник;шт;2238;;;Винт;4,52;
50705M6X50;Винт стяжки Бочонок с потайной головкой под шестигранник;шт;1991;;;Винт;3,39;
H6K60X60B;Винт с шестигранной головкой;шт;301;;;Винт;0,18;
SIM5X30BN;Винт с цилиндрической головкой с неполной резьбой;шт;2202;;;Винт;0,65;
VT4302B1;Винт стяжки Бочонок с потайной головкой под шестигранник;шт;219;;;Винт;4,76;
WPMM4X10IB;Винт с полукруглой головкой под крест;упак;1502;;;Винт;72,23;
WPMM4X20IB;Винт с полукруглой головкой под крест;упак;358;;;Винт;100,22;
WPMM4X22IB;Винт с полукруглой головкой под крест;упак;1701;;;Винт;103,97;
G226V;Заглушка декоративная Mini 2 круглая;шт;382;;;Петли;3,05;
WPMM4X25IB;Винт с полукруглой головкой под крест;упак;2372;;;Винт;100,93;
WPMM4X40IB;Винт с полукруглой головкой под крест;упак;470;;;Винт;157,33;
WPMM4X8IB;Винт с полукруглой головкой под крест;упак;2771;;;Винт;69,05;
WPMM5X12IB;Винт с полукруглой головкой под крест;шт;199;;;Винт;2,54;
WSM5X50KB;Винт с потай;шт;1168;;;Винт;0,25;
WSM6X12KB;Винт с потайной головкой под крест;шт;1141;;;Винт;0,75;
ZZ150M4X45IB;Винт с полукруглой головкой под крест;шт;2679;;;Винт;1,91;
BP01;Гайка для ножки мебельной м6;шт;86;;;Гайка;2,38;
BP01;Гайка для ножки мебельной м6;шт;289;;;Гайка;2,62;
BP02;Гайка для ножки мебельной м;шт;2063;;;Гайка;3,62;
BP02;Гайка для ножки мебельной м;шт;1321;;;Гайка;3,89;
BP03;Гайка для ножки мебельной м;шт.;2578;;;Гайка;6,01;
C019;Гайка усовая M6;шт.;858;;;Гайка;1,13;
C020;Гайка усовая M;шт.;2039;;;Гайка;1,41;
C021;Гайка усовая M;шт.;1403;;;Гайка;2,05;
NM8B;Гайка шестигранная M;шт.;273;;;Гайка;1,98;
NEM5B;Гайка ERICSONA M;шт.;2166;;;Гайка;10,11;
NEM6B;Гайка ERICSONA M6;шт.;2640;;;Гайка;7,28;
NKM10B;Гайка колпачковая M;шт.;428;;;Гайка;1,67;
SPM8;Шайба плоская для винта ;шт.;1698;;;Шайба;5,51;
TNM8B;"Гайка ""барашковая"" ";шт.;203;;;Гайка;5,23;
D009M4X40;Шпилька метрич;шт.;2523;;;Шпилька;0,15;
D011M8X60;Шпилька метрическая;шт.;1684;;;Шпилька;4,17;
D012M10X60;Шпилька метрич;шт.;1636;;;Шпилька;0,40;
900200135;Заглушка самоклеющ;упак;467;;;Заглушка;19,90;
090020013;Заглушка самоклеющ;упак;2642;;;Заглушка;7,64;
9,002E+11;Заглушка самоклеющ;упак;2369;;;Заглушка;6,90;
090020013507L;Заглушка самоклеющ;упак;2863;;;Заглушка;5,00;
090020013507S;Заглушка самоклеющ;упак;1919;;;Заглушка;7,65;
09002001350C01;Заглушка самоклеющ;упак;2685;;;Заглушка;6,90;
09002001350C13;Заглушка самоклеющ;упак;1863;;;Заглушка;6,90;
090040013504G;Заглушка самоклеющ;упак;2568;;;Заглушка;2,50;
090040013504L;Заглушка самоклеющ;упак;509;;;Заглушка;2,50;
900400135;Заглушка самоклеющ;упак;550;;;Заглушка;9,07;
090040013507S;Заглушка самоклеющ;упак;1047;;;Заглушка;27,57;
09004001350С13;Заглушка самоклеющ;упак;842;;;Заглушка;27,57;
090040020501D;Заглушка самоклеющ;упак;2351;;;Заглушка;2,50;
090040020502С;Заглушка самоклеющ;упак;1352;;;Заглушка;9,44;
090040020504L;Заглушка самоклеющ;упак;2505;;;Заглушка;4,95;
090040020504M;Заглушка самоклеющ;упак;2889;;;Заглушка;14,57;
900400205;Заглушка самоклеющ;упак;271;;;Заглушка;8,97;
09004002050C01;Заглушка самоклеющ;упак;346;;;Заглушка;2,50;
13005HM;Заглушка самоклеящаяся клен фьорд;упак;1431;;;Заглушка;27,64;
13006HM;Заглушка самоклеящаяся дуб беленый;упак;1160;;;Заглушка;27,64;
13010HD;Заглушка самоклеящаяся черная;упак;1980;;;Заглушка;27,64;
13020HD;Заглушка самоклеящаяся белая;упак;1440;;;Заглушка;27,64;
13022HM;Заглушка самоклеящаяся серый металлик;упак;468;;;Заглушка;27,64;
13025HD;Заглушка самоклеящаяся зелёная;упак;333;;;Заглушка;27,64;
13030HD;Заглушка самоклеящаяся бежевый однотонный;упак;1287;;;Заглушка;27,64;
13032HM;Заглушка самоклеящаяся яблоня локарно;упак;2380;;;Заглушка;27,64;
13048HM;Заглушка самоклеящаяся ма;упак;910;;;Заглушка;27,64;
13050HM;Заглушка самоклеящаяся светлая вишня;упак;221;;;Заглушка;27,64;
13071HM;Заглушка самоклеящаяся бук;упак;1058;;;Заглушка;27,64;
13074HM;Заглушка самоклеящаяся вишня оксфорд;упак;2603;;;Заглушка;27,64;
13076HM;Заглушка самоклеящаяся оре;упак;2762;;;Заглушка;27,64;
13079HM;Заглушка самоклеящаяся венге;упак;203;;;Заглушка;27,64;
13080HD;Заглушка самоклеящаяся светло;упак;609;;;Заглушка;27,64;
13092HM;Заглушка самоклеящаяся клен;упак;2331;;;Заглушка;27,64;
13103HM;Заглушка самоклеящаяся темная вишня;упак;2068;;;Заглушка;27,64;
13115HM;Заглушка самоклеящаяся дуб;упак;197;;;Заглушка;27,64;
13131HD;Заглушка самоклеящаяся красная;упак;468;;;Заглушка;27,64;
13135HM;Заглушка самоклеящаяся дуб молочный;упак;1154;;;Заглушка;27,64;
13158HM;Заглушка самоклеящаяся дуб ривьера;упак;2194;;;Заглушка;27,64;
13576HD;Заглушка самоклеящаяся жёлтая;упак;692;;;Заглушка;27,64;
13621HD;Заглушка самоклеящаяся синяя;упак;2773;;;Заглушка;27,64;
23011010AB;SPIRAL LOCK Заглушка для стяжки;шт;2652;;;Заглушка;3,75;
23011010MK;SPIRAL LOCK Заглушка для стяжки;шт;2803;;;Заглушка;3,75;
23011010ЕА;SPIRAL LOCK Заглушка для стяжки;шт;2943;;;Заглушка;3,75;
20005HM;Заглушка самоклеящаяся клен фьорд;упак;749;;;Заглушка;14,35;
20006HM;Заглушка самоклеящаяся дуб беленый;упак;810;;;Заглушка;14,35;
20010HD;Заглушка самоклеящаяся черная;упак;50;;;Заглушка;14,35;
20020HD;Заглушка самоклеящаяся белая;упак;544;;;Заглушка;14,35;
20022HM;Заглушка самоклеящаяся серый металлик;упак;2352;;;Заглушка;14,35;
20025HD;Заглушка самоклеящаяся зелёная;упак;2061;;;Заглушка;14,35;
20030HD;Заглушка самоклеящаяся бежевый однотонный;упак;2346;;;Заглушка;14,35;
20032HM;Заглушка самоклеящаяся яблоня локарно;упак;2275;;;Заглушка;14,35;
20048HM;Заглушка самоклеящаяся ма;упак;629;;;Заглушка;14,35;
20050HM;Заглушка самоклеящаяся светлая вишня;упак;994;;;Заглушка;14,35;
20071HM;Заглушка самоклеящаяся бук;упак;2344;;;Заглушка;14,35;
20074HM;Заглушка самоклеящаяся вишня оксфорд;упак;2460;;;Заглушка;14,35;
20076HM;Заглушка самоклеящаяся оре;упак;2229;;;Заглушка;14,35;
20079HM;Заглушка самоклеящаяся венге;упак;2689;;;Заглушка;14,35;
20080HD;Заглушка самоклеящаяся светло;упак;1830;;;Заглушка;14,35;
20092HM;Заглушка самоклеящаяся клен;упак;411;;;Заглушка;14,35;
20103HM;Заглушка самоклеящаяся темная вишня;упак;1698;;;Заглушка;14,35;
20115HM;Заглушка самоклеящаяся дуб;упак;1871;;;Заглушка;14,35;
20131HD;Заглушка самоклеящаяся красная;упак;2667;;;Заглушка;14,35;
20135HM;Заглушка самоклеящаяся дуб молочный;упак;2088;;;Заглушка;14,35;
20576HD;Заглушка самоклеящаяся жёлтая;упак;1351;;;Заглушка;14,35;
20621HD;Заглушка самоклеящаяся синяя;упак;2146;;;Заглушка;14,35;
35010HD;Заглушка самоклеящаяся черная;упак;2070;;;Заглушка;36,82;
35020HD;Заглушка самоклеящаяся белая;упак.;1770;;;Заглушка;36,82;
35060HD;Заглушка самоклеящаяся коричневая;упак.;2715;;;Заглушка;36,82;
40010HD;Заглушка самоклеящаяся черная;упак.;1602;;;Заглушка;40,43;
40020HD;Заглушка самоклеящаяся белая;упак.;768;;;Заглушка;40,43;
40030HD;Заглушка самоклеящаяся бежевый однотонный;упак.;864;;;Заглушка;40,43;
40060HD;Заглушка самоклеящаяся коричневая;упак.;605;;;Заглушка;40,43;
40080HD;Заглушка самоклеящаяся светло;упак.;1214;;;Заглушка;40,43;
CF01PAC;Заглушка для те;шт;1418;;;Заглушка;0,42;
CF01PB;Заглушка для те;шт;736;;;Заглушка;0,35;
CF01PCI;Заглушка для те;шт;1635;;;Заглушка;0,35;
CF01PFA;Заглушка для те;шт;2492;;;Заглушка;0,35;
CF01PFR;Заглушка для те;шт;1450;;;Заглушка;0,42;
CF01PGA;Заглушка для те;шт;2402;;;Заглушка;0,35;
CF01PMA;Заглушка для те;шт;1603;;;Заглушка;0,35;
CF01PNE;Заглушка для те;шт;1186;;;Заглушка;0,35;
CF02PAC;Заглушка клен ;шт;2683;;;Заглушка;0,10;
CF02PB;Заглушка для те;шт;951;;;Заглушка;0,35;
CF02PCI;Заглушка для те;шт;2820;;;Заглушка;0,25;
CF02PFA;Заглушка для те;шт;2847;;;Заглушка;0,35;
CF02PGA;Заглушка для те;шт;2134;;;Заглушка;0,42;
CF02PMA;Заглушка для те;шт;1835;;;Заглушка;0,35;
CF02PNE;Заглушка для те;шт;1682;;;Заглушка;0,35;
CF03PAC;Заглушка для те;шт;2064;;;Заглушка;0,42;
CF03PB;Заглушка для те;шт;1213;;;Заглушка;0,42;
CF03PCI;Заглушка для те;шт;1596;;;Заглушка;0,42;
CF03PFA;Заглушка для те;шт;1699;;;Заглушка;0,42;
CF03PFR;Заглушка для те;шт;1827;;;Заглушка;0,42;
CF03PGA;Заглушка для те;шт;127;;;Заглушка;0,42;
CF03PMA;Заглушка для те;шт;189;;;Заглушка;0,42;
CF03PNE;Заглушка для те;шт;1903;;;Заглушка;0,42;
SPAX;Заглушка для самореза с потайной головкой;упак;2654;;;Заглушка;250,28;
AL02;Полкодержатель для деревянны;шт;625;;;Уголки мебельные;6,36;
AL02ZBR;Полкодержатель для деревянны;шт;287;;;Уголки мебельные;6,36;
AL22;Полкодержатель для деревянны;шт;973;;;Уголки мебельные;6,36;
AL22ZBR;Полкодержатель для деревянны;шт;1349;;;Уголки мебельные;6,36;
CS01PB;Накладка для держателя задней панели FM2;шт;185;;;Уголки мебельные;5,44;
CS01PMA;Накладка для держателя задней панели FM2;шт;67;;;Уголки мебельные;5,44;
CS01PNE;Накладка для держателя задней панели FM2;шт;1486;;;Уголки мебельные;3,45;
FM10FZ;Держатель задней панели;шт;2789;;;Уголки мебельные;9,00;
FM18ZNL;Держатель задней панели;шт;429;;;Уголки мебельные;10,39;
FM20ZN;Держатель задней панели;шт;2832;;;Уголки мебельные;21,70;
FS1054AA;Уголок мебельный с саморезом белый;шт;1640;;;Уголки мебельные;1,55;
FS1054AC;Уголок мебельный с саморезом коричневый;шт;2073;;;Уголки мебельные;1,55;
SPC26X26X20ALD;WINK Уголок мебельный с пластиковой накладкой ;шт;365;;;Уголки мебельные;5,30;
SPC26X26X20BE;WINK Уголок мебельный с пластиковой накладкой ;шт;2301;;;Уголки мебельные;5,30;
SPC26X26X20BL;WINK Уголок мебельный с пластиковой накладкой ;шт;2377;;;Уголки мебельные;5,30;
SPC26X26X20GR;WINK Уголок мебельный с пластиковой накладкой ;шт;1494;;;Уголки мебельные;5,30;
SPC26X26X20WA;WINK Уголок мебельный с пластиковой накладкой ;шт;475;;;Уголки мебельные;5,30;
SPC26X26X20WE;WINK Уголок мебельный с пластиковой накладкой ;шт;2145;;;Уголки мебельные;5,30;
SPC26X26X20WH;WINK Уголок мебельный с пластиковой накладкой ;шт;1573;;;Уголки мебельные;5,30;
UC9101;Уголок;шт;979;;;Уголки мебельные;4,05;
UC9201;Уголок;шт;460;;;Уголки мебельные;26,23;
UMN;Уголок мебельный вишня ;упак;2304;;;Уголки мебельные;50,00;
UMN;Уголок мебельный вишня ;упак;1602;;;Уголки мебельные;100,00;
UMN;Уголок мебельный груша ;упак;2259;;;Уголки мебельные;150,90;
UM№1M;Уголок мебельный белый ;упак;1394;;;Уголки мебельные;150,90;
UM№10;Уголок меб;упак;2952;;;Уголки мебельные;100,00;
UM№11M;Уголок мебельный светло;упак;2653;;;Уголки мебельные;100,00;
UM№16M;Уголок мебельный слоновая кость ;упак;2456;;;Уголки мебельные;150,90;
UM№2M;Уголок мебельный бежевый ;упак;164;;;Уголки мебельные;150,90;
UM№20;Уголок мебельный бук бавария;упак;2156;;;Уголки мебельные;100,59;
UM№20M;Уголок мебельный бук бавария;упак;1514;;;Уголки мебельные;100,00;
UM№4M;Уголок мебельный коричневый ;упак;2550;;;Уголки мебельные;150,90;
UM№5;Уголок мебельный черный ;упак;2894;;;Уголки мебельные;100,00;
UM№5M;Уголок мебельный черный ;упак;207;;;Уголки мебельные;150,90;
UM№9;Уголок мебельный серый ;упак;2081;;;Уголки мебельные;100,59;
UM№9M;Уголок мебельный серый ;упак;1914;;;Уголки мебельные;150,90;
UM40X19;Уголок монтажный;шт;296;;;Уголки мебельные;6,81;
UM50X26X41;Уголок монтажный универсальный;шт;2678;;;Уголки мебельные;11,09;
VS05FZ;Евровинт с потайной головкой для держателя задней панели FM2;шт;1778;;;Уголки мебельные;2,40;
У058;Уголок монтажный;шт;891;;;Уголки мебельные;13,10;
У100;Уголок монтажный;шт;888;;;Уголки мебельные;4,08;
У111;Уголок монтажный;шт;2403;;;Уголки мебельные;8,49;
У157;Уголок монтажный;шт;1511;;;Уголки мебельные;16,38;
У200;Уголок монтажный;шт;2708;;;Уголки мебельные;6,81;
У300;Уголок монтажный;шт;2635;;;Уголки мебельные;7,08;
У393;Уголок монтажный;шт;1532;;;Уголки мебельные;7,43;
У442;Уголок монтажный;шт;301;;;Уголки мебельные;8,40;
У500;Уголок монтажный;шт;1928;;;Уголки мебельные;9,45;
У600;Уголок монтажный;шт;2562;;;Уголки мебельные;6,48;
У700;Уголок монтажный;шт;2750;;;Уголки мебельные;5,79;
6X30;Шкант мебельный 6 ;упак;106;;;шканты;274,27;
8X30;Шкант мебельный  ;упак;302;;;шканты;4996,99;
8X30;Шкант мебельный  ;упак;1214;;;шканты;1158,39;
8X30K;Шкант калиброванный мебельный  ;упак;1174;;;шканты;1158,39;
8X40;Шкант мебельный  ;упак;343;;;шканты;386,13;
8X50;Шкант мебельный  ;упак;889;;;шканты;503,11;
EL10;Шкант плоский  ;упак;1210;;;шканты;2187,90;
EL20;Шкант плоский  ;упак;1017;;;шканты;2187,90;
EL30;Шкант плоский  ;упак;524;;;шканты;3456,18;
SP12FZT00;Шкант металлический папа;шт;1027;;;шканты;3,75;
SP12FZTFE;Шкант металлический мама;шт;1379;;;шканты;3,68;
14001;Брус соединительный белый;шт;2419;;;Крепления и соединители;48,84;
14004;Брус соединительный коричневый;шт;1561;;;Крепления и соединители;48,84;
14005;Брус соединительный черный;шт;640;;;Крепления и соединители;17,50;
424708;Teks Крепление для фасада ;компл;2215;;;Крепления и соединители;42,19;
4247156;Discus Крепление для панели ;компл;1679;;;Крепления и соединители;16,53;
438;Дву;боб;2166;;;Крепления и соединители;1136,25;
CD3500ШТ;Зеркалодержатель груша ;упак;2306;;;Крепления и соединители;149,00;
CD6;Зеркалодержатель желтый ;упак;2954;;;Крепления и соединители;138,00;
FS01PB;Крепление для стекла   белое;шт;1714;;;Крепления и соединители;2,94;
FS01PMA;Держатель зеркала ;шт;899;;;Крепления и соединители;0,50;
FS01PNE;Держатель зеркала ;шт;634;;;Крепления и соединители;1,00;
FS01PT;Крепление для стекла   прозрачное;шт;239;;;Крепления и соединители;2,95;
FS02PB;Крепление для стекла   белое;шт;2401;;;Крепления и соединители;6,43;
FS02PMА;Держатель зеркала ;шт;1195;;;Крепления и соединители;4,74;
FS02PNE;Держатель зеркала ;шт;908;;;Крепления и соединители;1,00;
FS02PT;Крепление для стекла   прозрачное;шт;2173;;;Крепления и соединители;6,43;
FS03PB;Держатель зеркала ;шт;1001;;;Крепления и соединители;0,50;
FS03PMA;Держатель зеркала ;шт;2198;;;Крепления и соединители;0,50;
FS03PNE;Держатель зеркала ;шт;2463;;;Крепления и соединители;0,45;
FS03PT;Держатель зеркала ;шт;2592;;;Крепления и соединители;1,00;
FS0405AC;Держатель зеркала   коричн;шт;2072;;;Крепления и соединители;0,50;
KZS15X15;Крепление задней стенки;шт;2897;;;Крепления и соединители;0,85;
MMC130W;Соединитель диванный клиновой;компл;2745;;;Крепления и соединители;34,78;
MMZ46X35;За;шт;1203;;;Крепления и соединители;6,77;
MMZ97X48;За;шт;383;;;Крепления и соединители;15,82;
ПК100;Пластина крепежная металлическая;шт;2640;;;Крепления и соединители;7,35;
ПК40;Пластина крепежная металлическая;шт;2467;;;Крепления и соединители;2,79;
ПК50;Пластина крепежная металлическая;шт;733;;;Крепления и соединители;4,20;
MAGA16;магнит под саморез;шт;1874;;;Крепления и соединители;87,44;
MAGC16;магнит со шпилькой м;шт;1767;;;Крепления и соединители;90,86;
MAGD16;Ответная планка для магнита под саморез;шт;903;;;Крепления и соединители;37,47;
MAGN33;Врезной магнит неодимовый;шт;1290;;;Крепления и соединители;30,66;
MAGVINIL;магнитный винил с клеевой основой;шт;518;;;Крепления и соединители;851,76;
10208020WA;K;шт;2685;;;Полкодепжатели;3,39;
10208020YA;K;шт;2366;;;Полкодепжатели;3,39;
3016107;OR Полкодержатель для стеклянны;шт;2253;;;Полкодепжатели;5,65;
DUOZNLPNEкт;Полкодержатель DUO ;компл;788;;;Полкодепжатели;11,26;
DUOZNLPTкт;Полкодержатель DUO ;компл;2295;;;Полкодепжатели;13,50;
ME01ZBR;Полкодержатель с дополнительным упором для деревянны;шт;926;;;Полкодепжатели;2,40;
ME01ZNL144;Полкодержатель с дополнительным упором для деревянны;шт;2771;;;Полкодепжатели;2,62;
ME05ZNL;Полкодержатель с дополнительным упором для деревянны;шт;2821;;;Полкодепжатели;1,49;
ME10FNL;Полкодержатель для деревянны;шт;2846;;;Полкодепжатели;1,06;
ME13PT30065;GERMANY Полкодержатель для стеклянны;упак;2811;;;Полкодепжатели;1324,26;
MV053016106;OR Полкодержатель для стеклянны;шт;2986;;;Полкодепжатели;5,02;
MV053016108;OR Полкодержатель для стеклянны;шт;1217;;;Полкодепжатели;5,65;
PK50X16NI;Полкодержатель для деревянны;упак;2285;;;Полкодепжатели;633,36;
PK50X16B;Полкодержатель для деревянны;упак;230;;;Полкодепжатели;495,18;
10208050WA;K;шт;2788;;;Полкодепжатели;3,46;
10208050YA;K;шт;835;;;Полкодепжатели;3,46;
1085202000;SPRING Сверло для установки полкодержателя;шт.;585;;;Полкодепжатели;2995,00;
1145201000;PK2 Сверло для установки полкодержателя;шт.;744;;;Полкодепжатели;3348,54;
1175202000;MAORI 6 Сверло для установки полкодержателя;шт.;1978;;;Полкодепжатели;7776,92;
1175204000;MAORI 2;шт.;2107;;;Полкодепжатели;3203,44;
12222050IJ;SECRET Скрытый полкодержатель для деревянны;шт.;2025;;;Полкодепжатели;76,05;
2567852;UNICO Полкодержатель для деревянны;шт.;1888;;;Полкодепжатели;16,82;
2567862;UNICO Полкодержатель для деревянны;шт.;2643;;;Полкодепжатели;7,50;
257420;FLIPPER Полкодержатель для деревянны;шт.;708;;;Полкодепжатели;2,97;
257421;FLIPPER Полкодержатель для деревянны;шт.;111;;;Полкодепжатели;2,97;
257422;FLIPPER Полкодержатель для деревянны;шт.;2267;;;Полкодепжатели;2,97;
257423;FLIPPER Полкодержатель для деревянны;шт.;1762;;;Полкодепжатели;2,97;
257430;FLIPPER Полкодержатель для деревянны;шт.;651;;;Полкодепжатели;2,97;
257436;FLIPPER Шток;шт.;2370;;;Полкодепжатели;2,19;
257450;FLIPPER Шток с гладким штифтом для полкодержателя;шт.;123;;;Полкодепжатели;2,76;
2597041;PK2 Полкодержатель пластик светло;шт.;1364;;;Полкодепжатели;10,11;
259715;PK2 Опора полкодержателя с дюбелем;шт.;2722;;;Полкодепжатели;12,02;
259725;PK2 Опора полкодержателя с евровинтом;шт.;2750;;;Полкодепжатели;11,80;
259735;PK2 Опора полкодержателя с саморезом;шт.;236;;;Полкодепжатели;11,80;
259736;PK2 Опора полкодержателя с саморезом;шт.;951;;;Полкодепжатели;12,65;
259815;SPRING Полкодержатель с подпружиненным штоком для деревянны;шт.;1459;;;Полкодепжатели;16,04;
2600112MAORI12;MAORI 2;шт.;268;;;Полкодепжатели;0,83;
2600116MAORI16;MAORI Корпус полкодержателя для деревянны;шт.;2954;;;Полкодепжатели;4,45;
2600310MAORI12;MAORI 2;шт.;689;;;Полкодепжатели;1,13;
2600410MAORI16;MAORI Опора полкодержателя для деревянны;шт.;1345;;;Полкодепжатели;6,57;
2600420MAORI16;MAORI Опора полкодержателя для деревянны;шт.;59;;;Полкодепжатели;11,87;
352679М4;Цилиндр с внутренней резьбой м;шт.;2887;;;Полкодепжатели;8,84;
AL02;Полкодержатель для деревянны;шт.;662;;;Полкодепжатели;6,36;
AL02ZBR;Полкодержатель для деревянны;шт.;2053;;;Полкодепжатели;6,36;
AL22;Полкодержатель для деревянны;шт.;2467;;;Полкодепжатели;6,36;
AL22ZBR;Полкодержатель для деревянны;шт.;511;;;Полкодепжатели;6,36;
BR01;Фиксатор полки;шт.;2297;;;Полкодепжатели;1,06;
CN01NL;ONE Заглушка полкодержателя;шт.;423;;;Полкодепжатели;4,03;
E004BLACK;E Полкодержатель черный;шт.;2585;;;Полкодепжатели;0,20;
E004SCREW;Винт полкодержателя E;шт.;302;;;Полкодепжатели;0,21;
ME03ZNL;Полкодержатель для деревянны;шт.;2467;;;Полкодепжатели;3,11;
ME04ZNL184107;Полкодержатель для деревянны;шт.;1803;;;Полкодепжатели;3,11;
ME19PMA;Полкодержатель пластиковый коричневый;шт.;1283;;;Полкодепжатели;0,25;
ME19PNE;Полкодержатель пластиковый черный;шт.;838;;;Полкодепжатели;0,25;
ME36PMA;Полкодержатель;шт.;897;;;Полкодепжатели;0,25;
ME36PT;Полкодержатель для деревянны;шт.;257;;;Полкодепжатели;0,25;
ME37PMA;Полкодержатель;шт.;1622;;;Полкодепжатели;0,25;
ON01;ONE Полкодержатель для деревянны;шт.;1145;;;Полкодепжатели;5,94;
SI033;SI Полкодержатель для деревянны;шт.;1910;;;Полкодепжатели;2,05;
SI036;SI Полкодержатель для деревянны;шт.;1993;;;Полкодепжатели;1,39;
SI037;SI Полкодержатель для деревянны;шт.;1722;;;Полкодепжатели;2,05;
SI038;SI Полкодержатель для деревянны;шт.;1610;;;Полкодепжатели;1,30;
SI039;SI Полкодержатель для деревянны;шт.;1021;;;Полкодепжатели;1,55;
SI03PB;SI Полкодержатель для деревянны;шт.;2660;;;Полкодепжатели;2,05;
SI03PMA;SI Полкодержатель для деревянны;шт.;1905;;;Полкодепжатели;2,05;
SI03PNE;SI Полкодержатель черный;шт.;2661;;;Полкодепжатели;1,30;
TZ01;ZERO Шток для полкодержателя;шт.;181;;;Полкодепжатели;5,73;
TZ02;ONE Шток;шт.;1834;;;Полкодепжатели;4,31;
VE08FZ;SI Винт для полкодержателя;шт.;2284;;;Полкодепжатели;1,84;
ZE01;ZERO Скрытый фронтальный полкодержатель для деревянны;шт.;1856;;;Полкодепжатели;7,07;
ZE02;ZERO Скрытый тыльный полкодержатель для деревянны;шт.;288;;;Полкодепжатели;7,07;
10208030WA;K;шт.;493;;;Полкодепжатели;7,63;
10208030YA;K;шт.;2155;;;Полкодепжатели;7,63;
301123DREAM;DREAM Полкодержатель для стеклянны;шт.;1441;;;Полкодепжатели;5,87;
3016107;OR Полкодержатель для стеклянны;шт.;939;;;Полкодепжатели;5,65;
CF135PB;Полкодержатель с гвоздем для деревянны;шт.;1627;;;Полкодепжатели;2,90;
CF135PMA;Полкодержатель с гвоздем для деревянны;шт;645;;;Полкодепжатели;0,95;
DUOZNLPNEкт;Полкодержатель DUO ;компл;117;;;Полкодепжатели;11,26;
DUOZNLPTкт;Полкодержатель DUO ;компл;1709;;;Полкодепжатели;13,50;
K310CP;Полкодержатель с присосокой для стеклянны;шт;1191;;;Полкодепжатели;36,82;
ME13PT30065;GERMANY Полкодержатель для стеклянны;упак;1536;;;Полкодепжатели;1324,26;
MV01E011;Полкодержатель с присоской для стеклянны;шт;2608;;;Полкодепжатели;3,68;
MV01ZBR;Полкодержатель с присоской для стеклянны;шт;1041;;;Полкодепжатели;3,00;
MV01ZNL;Полкодержатель с присоской для стеклянны;шт;2441;;;Полкодепжатели;5,80;
MV02PT;Полкодержатель для стеклянны;шт;1860;;;Полкодепжатели;3,18;
MV02PTкт;Полкодержатель прозрачный;компл;1997;;;Полкодепжатели;5,30;
MV03E016;Полкодержатель с присоской и дополнительным упором для стеклянны;шт;1927;;;Полкодепжатели;3,11;
MV03ZBR;Полкодержатель с присоской и дополнительным упором для стеклянны;шт;2199;;;Полкодепжатели;5,80;
MV03ZNL14007;Полкодержатель с присоской и дополнительным упором для стеклянны;шт;1860;;;Полкодепжатели;5,94;
MV053016106;OR Полкодержатель для стеклянны;шт;1127;;;Полкодепжатели;5,02;
MV053016108;OR Полкодержатель для стеклянны;шт;937;;;Полкодепжатели;5,65;
PK50X16B+К;Полкодержатель в пластиковом че;упак;297;;;Полкодепжатели;909,72;
SP03FZ;MV2PT Шток полкодержателя;шт;393;;;Полкодепжатели;2,12;
16019020WA;KUBIC;шт;403;;;Полкодепжатели;12,00;
16019030YA;KUBIC;шт;399;;;Полкодепжатели;11,50;
16019140WA;KUBIC;шт;464;;;Полкодепжатели;4,50;
16019140YA;KUBIC;шт;1139;;;Полкодепжатели;9,00;
16020050WA;KUBIC Полкодержатель для стеклянны;шт;1033;;;Полкодепжатели;58,52;
16020050YA;KUBIC Полкодержатель для стеклянны;шт;2797;;;Полкодепжатели;56,97;
16020060WA;KUBIC Полкодержатель для стеклянны;шт;2985;;;Полкодепжатели;15,00;
16020060YA;KUBIC Полкодержатель для стеклянны;шт;469;;;Полкодепжатели;56,76;
16113010KB;KRISTAL Полкодержатель для стеклянны;шт;2226;;;Полкодепжатели;34,77;
16113010YA;KRISTAL Полкодержатель для стеклянны;шт;389;;;Полкодепжатели;25,52;
16113040KB;KRISTAL Полкодержатель для стеклянны;шт;606;;;Полкодепжатели;35,83;
16114010KB;KRISTAL Полкодержатель для стеклянны;шт;436;;;Полкодепжатели;35,83;
16114010YA;KRISTAL Полкодержатель для стеклянны;шт;1445;;;Полкодепжатели;26,43;
302051PEKI;PEKI Полкодержатель с фиксатором для стеклянны;шт;1743;;;Полкодепжатели;40,15;
302052PEKI;PEKI Полкодержатель с фиксатором для стеклянны;шт;446;;;Полкодепжатели;32,30;
3023422COBRA56MM;COBRA Полкодержатель для стеклянны;шт;539;;;Полкодепжатели;5,12;
3023462COBRA56MM;COBRA Полкодержатель для стеклянны;шт;930;;;Полкодепжатели;3,00;
302347COBRA810MM;COBRA Полкодержатель для стеклянны;шт;847;;;Полкодепжатели;3,00;
3023472COBRA810M;COBRA Полкодержатель для стеклянны;шт;543;;;Полкодепжатели;5,12;
302395;PICCHIO Полкодержатель с фикс;шт;405;;;Полкодепжатели;0,50;
F001CHROME;Полкодержатель для стеклянны;шт;1661;;;Полкодепжатели;92,17;
F001PEARL;Полкодержатель для стеклянны;шт;1198;;;Полкодепжатели;49,50;
F002CHROME;Полкодержатель для стеклянны;шт;2344;;;Полкодепжатели;80,65;
F004;Полкодержатель для стеклянны;шт;1712;;;Полкодепжатели;57,60;
F005;Полкодержатель для стеклянны;шт;1478;;;Полкодепжатели;34,56;
FA08CR;Полкодержатель для стеклянны;шт;2143;;;Полкодепжатели;17,67;
FA08NI;Полкодержатель для стеклянны;шт;467;;;Полкодепжатели;13,57;
FA09CR;Полкодержатель для стеклянны;шт;209;;;Полкодепжатели;4,00;
FA09NI;Полкодержатель никель;шт;611;;;Полкодепжатели;6,50;
FA10CR;Полкодержатель для стеклянны;шт;73;;;Полкодепжатели;15,27;
FA10NI;Полкодержатель для стеклянны;шт;419;;;Полкодепжатели;9,68;
FA11CR;Полкодержатель для стеклянны;шт;1126;;;Полкодепжатели;18,45;
FA11NI;Полкодержатель для стеклянны;шт;856;;;Полкодепжатели;8,69;
FA18CR;Полкодержатель для стеклянны;компл;855;;;Полкодепжатели;50,68;
FA19CR;Полкодержатель для стеклянны;компл;2632;;;Полкодепжатели;95,77;
MV07FNL;Полкодержатель для стеклянны;шт;501;;;Полкодепжатели;16,86;
MV08F007;Полкодержатель для стеклянны;шт;2375;;;Полкодепжатели;16,82;
MV08F008;Полкодержатель для стеклянны;шт;776;;;Полкодепжатели;16,82;
MV08ZBR;Полкодержатель для стеклянны;шт;927;;;Полкодепжатели;11,31;
MV08ZNL;Полкодержатель для стеклянны;шт;2126;;;Полкодепжатели;9,33;
MV14ZCR;Полкодержатель для стеклянны;шт;1036;;;Полкодепжатели;35,00;
MV15BZO;Полкодержатель для стеклянны;шт;2638;;;Полкодепжатели;149,91;
MV15ZCR;Полкодержатель для стеклянны;шт;2872;;;Полкодепжатели;69,48;
MV16ZCR;Полкодержатель для стеклянны;шт;860;;;Полкодепжатели;136,41;
MV16ZO;Полкодержатель для стеклянны;шт;1081;;;Полкодепжатели;49,50;
MV24PT;Полкодержатель для стеклянны;шт;749;;;Полкодепжатели;2,33;
515BL;Пластик;шт;870;;;Опора;44,18;
516BL;Пластик;шт;2401;;;Опора;45,80;
552BL;Крепление боковое черн;шт;1103;;;Опора;77,82;
553BL;Крепление фронтальное черн;шт;462;;;Опора;65,80;
145710ММ;Опора для стекла;упак;1452;;;Опора;2865,19;
C25ST;Элемент для клейки стекла на трубу d 2 с винтом м сталь;шт;2433;;;Опора;113,57;
C25;Элемент для клейки стекла на трубу d 2 без винта сталь;шт;2955;;;Опора;107,89;
C50ST;Элемент для клейки стекла на трубу d  с винтом м сталь;шт;1342;;;Опора;193,06;
C50;Элемент для клейки стекла на трубу d  без винта сталь;шт;1250;;;Опора;176,03;
407710ММ;Опора для стола конусная;упак;2849;;;Опора;4692,59;
613A001;Опора для стола с заглушкой;шт;1023;;;Опора;1766,29;
613C101;Опора для стола с заглушкой;шт;1834;;;Опора;1428,94;
613R1;Колесо для опоры с заглушкой;шт;416;;;Опора;472,07;
633A004;Опора для стола треугольная;компл;1471;;;Опора;7000,00;
633AN04;Опора для стола треугольная;компл;215;;;Опора;5650,00;
701A002;Опора для стола квадратная;упак;2996;;;Опора;4305,00;
701AB02;Опора для стола квадратная;упак;2658;;;Опора;4515,00;
702A001;Опора для стола круглая;упак;111;;;Опора;4042,50;
702AB01;Опора для стола круглая;упак;858;;;Опора;4189,50;
705A004;Опора для стола треугольная;упак;1566;;;Опора;6405,00;
ART974;Опора алюминиевая для стола;упак;2982;;;Опора;2500,00;
ART979;Опора для стола квадратная;упак;1249;;;Опора;4896,64;
ART989;Опора для стола квадратная;упак;2985;;;Опора;4500,00;
D35;Опора для стола П;шт;2901;;;Опора;1476,38;
D35;Опора для стола П;шт;306;;;Опора;1075,00;
D50;Опора для стола;упак;91;;;Опора;1440,00;
D50;Опора для стола;упак;338;;;Опора;1370,00;
D50;Опора для стола;упак;1606;;;Опора;1370,00;
D50;Опора для стола;упак;752;;;Опора;1570,00;
D50;Опора для стола;упак;2981;;;Опора;1370,00;
D63_715АЛЮММАТ_4;Опора для стола;упак;739;;;Опора;1990,00;
LEG40X720CRCC4;Опора для царгового стола;упак;1023;;;Опора;2271,36;
LEG50X720MT4;Опора для стола;упак;551;;;Опора;940,00;
LEG50X720MTCC4;Опора для царгового стола;упак;1166;;;Опора;1124,32;
LS20;Опора для стола V;упак;696;;;Опора;999,00;
LS20;Опора для стола V;упак;904;;;Опора;1589,95;
LS20;Опора для стола V;упак;2235;;;Опора;1703,52;
LS720GR4;Опора для стола V;упак;2024;;;Опора;585,00;
LS720MT4;Опора для стола V;упак;1314;;;Опора;1170,00;
T027C70N110;Опора для стола складная;шт;1930;;;Опора;1411,76;
T027C70N208;Опора для стола складная;шт;510;;;Опора;1614,40;
V40X40;Опора для стола V;шт;68;;;Опора;1362,82;
V40X40;Опора для стола V;шт;798;;;Опора;1362,82;
V40X40;Опора для стола V;шт;2770;;;Опора;1646,74;
X4RG1100CR1;Опора для стола;шт;754;;;Опора;400,12;
X4RG710;Опора для стола;упак;2535;;;Опора;1200,00;
X4RG710CR4;Опора для стола;упак;2919;;;Опора;1017,37;
X4RG710MCR4;Опора для стола;упак;796;;;Опора;1200,29;
X4RG710MNK4;Опора для стола;упак;666;;;Опора;1364,83;
X4RG710;Опора для стола;упак;1235;;;Опора;1400,00;
X4RG870CR1;Опора для стола;шт;619;;;Опора;325,83;
П60X30;Опора для стола П;шт;1306;;;Опора;1873,87;
П60X30;Опора для стола П;шт;2957;;;Опора;1873,87;
П60X30;Опора для стола П;шт;2325;;;Опора;2044,22;
ПТ60X30;Опора для стола П;шт;194;;;Опора;2044,22;
ПТ60X30;Опора для стола П;шт;1071;;;Опора;2214,58;
ПТ60X30;Опора для стола П;шт;496;;;Опора;2044,22;
ТЕЛЕСКОПАЛЮММАТ;Опора телескоп;шт;624;;;Опора;431,56;
F7S60X60;Подстолье 6;компл.;80;;;Опора;5523,00;
L1D60;Подстолье D6;компл.;1629;;;Опора;4095,00;
T80X80;Подстолье ;компл.;671;;;Опора;3585,75;
T80X80TWIN;Подстолье ;компл.;732;;;Опора;6069,00;
Т76;Подстолье с круглым основ;шт;929;;;Опора;3179,90;
Т76;Подстолье с квадратным основ;шт;2128;;;Опора;3179,90;
Т76;Подстолье с круглым основ;шт;355;;;Опора;1240,00;
Т76;Подстолье с квадратным основ;шт;1503;;;Опора;1440,00;
ADJ1020CM;Опора декоративная Н2+ ;шт;1953;;;Опора;34,07;
ADJ10060AL;Опора декоративная Н6+ ;шт;2817;;;Опора;433,41;
ADJ10060CR;Опора декоративная Н6+ ;шт;1922;;;Опора;200,00;
ADJ2045CM;Опора декоративная Н+ ;шт;2805;;;Опора;39,75;
ADJ3040CM;Опора декоративная Н+ ;шт;1976;;;Опора;26,25;
ADJ4060CMCR;Опора декоративная D6;шт;2366;;;Опора;56,78;
ADJ4100CMCR;Опора декоративная D6;шт;998;;;Опора;62,46;
ADJ5100CM;Опора декоративная Н+ ;шт;1221;;;Опора;20,00;
ADJ6020CM;Опора декоративная Н2+ ;шт;2625;;;Опора;24,15;
ADJ7060AL;Опора декоративная D;шт;1235;;;Опора;46,07;
ADJ7060CR;Опора декоративная D;шт;1573;;;Опора;69,30;
ADJ7100AL;Опора декоративная D;шт;374;;;Опора;59,85;
ADJ7100CR;Опора декоративная D;шт;812;;;Опора;77,70;
ADJ7120AL;Опора декоративная D;шт;2371;;;Опора;71,87;
ADJ7150AL;Опора декоративная D;шт;2881;;;Опора;86,61;
ADJ7150CR;Опора декоративная D;шт;1258;;;Опора;109,20;
ADJ7180AL;Опора декоративная Н+ алюминий;шт;2296;;;Опора;112,35;
ADJ8060AL;Опора декоративная Н6+ алюминий;шт;1960;;;Опора;46,07;
ADJ8060CR;Опора декоративная Н6+ ;шт;1350;;;Опора;57,75;
ADJ8100AL;Опора декоративная Н+ алюминий;шт;573;;;Опора;59,85;
ADJ8100CR;Опора декоративная Н+ ;шт;592;;;Опора;77,70;
ADJ8120AL;Опора декоративная Н2+ алюминий;шт;2073;;;Опора;71,87;
ADJ8150AL;Опора декоративная Н+ алюминий;шт;695;;;Опора;86,61;
ADJ8150CR;Опора декоративная Н+ ;шт;2457;;;Опора;109,20;
ADJ8180AL;Опора декоративная Н+ алюминий;шт;1330;;;Опора;112,35;
ADJ9016AL;Опора декоративная Н6+ ;шт;1339;;;Опора;272,40;
ADJ9016CR;Опора декоративная Н6+ ;шт;2749;;;Опора;340,68;
FIX01050CM;Опора декоративная Н ;шт;1303;;;Опора;28,39;
FIX01100CM;Опора декоративная Н ;шт;2235;;;Опора;51,10;
FIX01150CM;Опора декоративная Н ;шт;1554;;;Опора;56,78;
FIX011100CR;Опора декоративная Н ;шт;394;;;Опора;100,00;
FIX013100CR;Опора декоративная D;шт;1848;;;Опора;50,00;
FIX013;Опора декоративная D;шт;2462;;;Опора;82,95;
FIX014043CR;Опора декоративная D;шт;2223;;;Опора;50,00;
FIX015055CR;Опора декоративная Н ;шт;1042;;;Опора;332,48;
FIX016055CR;Опора декоративная Н ;шт;1404;;;Опора;184,83;
FIX017052CR;Опора декоративная Н2 ;шт;2205;;;Опора;230,84;
FIX018035CR;Опора декоративная Н ;шт;777;;;Опора;230,84;
FIX019135CR;Опора декоративная Н ;шт;951;;;Опора;225,61;
FIX020100AL;Опора декоративная Н алюминий;шт;2397;;;Опора;302,09;
FIX020120AL;Опора декоративная Н2 алюминий;шт;1287;;;Опора;320,60;
FIX020150AL;Опора декоративная Н алюминий;шт;274;;;Опора;350,29;
LF010АЛЮМГЛЯН;Опора декоративная D;шт;558;;;Опора;140,83;
NA01C00100ММ;Опора декоративная Н алюминий;шт;2315;;;Опора;150,00;
NA02C00100ММ;Опора декоративная Н алюминий;шт;137;;;Опора;200,00;
NA02C00120ММ;Опора декоративная Н2 алюминий;шт;2519;;;Опора;50,00;
NA02C00150ММ;Опора декоративная Н алюминий;шт;686;;;Опора;50,00;
NA03C00;Опора декоративная Н+2 алюминий;шт;104;;;Опора;573,71;
NA10C00R120ММ;Опора декоративная D2;шт;2150;;;Опора;150,00;
NA10C00R150ММ;Опора декоративная D2;шт;957;;;Опора;412,63;
NA10C00;Опора декоративная D2;шт;535;;;Опора;362,16;
NA10C00;Опора декоративная D2;шт;1115;;;Опора;417,86;
NA11C00R120ММ;Опора декоративная D;шт;2987;;;Опора;469,81;
NA11C00R150ММ;Опора декоративная D;шт;1755;;;Опора;473,49;
NA11C00;Опора декоративная D;шт;234;;;Опора;408,95;
NA11C00;Опора декоративная D;шт;602;;;Опора;484,65;
NA12C00R120ММ;Опора декоративная D;шт;1286;;;Опора;150,00;
NA12C00R150ММ;Опора декоративная D;шт;1208;;;Опора;150,00;
NA12C00R180ММ;Опора декоративная D;шт;1009;;;Опора;489,81;
NA12C00;Опора декоративная D;шт;2732;;;Опора;432,70;
NA20C00100ММ;Опора декоративная Н алюминий;шт;1525;;;Опора;200,00;
NA20C00;Опора декоративная Н+ алюминий;шт;130;;;Опора;631,60;
NA50C00;Опора декоративная Н алюминий;шт;905;;;Опора;20,00;
NA53C00;Опора декоративная D2;шт;2323;;;Опора;150,00;
NZ0104;Опора декоративная Н9 ;шт;2151;;;Опора;50,00;
NZ020490ММ;Опора декоративная Н9 ;шт;1323;;;Опора;20,00;
NZ0204;Опора декоративная Н9 ;шт;1894;;;Опора;20,00;
NZ0404;Опора декоративная Н2 ;шт;103;;;Опора;50,00;
NZ0704;Опора декоративная Н2 ;шт;2992;;;Опора;158,82;
NZ0903103ММ;Опора декоративная Н золото;шт;2616;;;Опора;437,86;
NZ0904;Опора декоративная Н+ ;шт;2400;;;Опора;176,63;
NZ0904;Опора декоративная Н ;шт;2325;;;Опора;50,00;
NZ0906103ММ;Опора декоративная Н никель матовый;шт;1765;;;Опора;362,94;
NZ1804103ММ;Опора декоративная Н ;шт;2981;;;Опора;100,00;
NZ4708100ММ;Опора декоративная D;шт;1103;;;Опора;443,80;
NZ4708120ММ;Опора декоративная D;шт;1068;;;Опора;200,00;
NZ5208RSM55ММ;Опора декоративная Н ;шт;2418;;;Опора;284,98;
NZ550474ММ;Опора декоративная Н7+ ;шт;430;;;Опора;489,81;
NZ550874ММ;Опора декоративная Н7+ ;шт;1496;;;Опора;489,81;
04C060;Ножка пластиковая серии ;шт;2594;;;Опора;31,00;
50261;База для пластиковой ножки овальная серии ;шт;1409;;;Опора;11,45;
7121;Винт крепежный для ножки  серии ;шт;563;;;Опора;6,86;
1004A60;Ножка пластиковая серии ;шт;59;;;Опора;34,28;
1501KEY;Ключ для регулировки ножек серии ;шт;2662;;;Опора;589,12;
20103020GR;Футорка металлическая D;шт;1601;;;Опора;3,68;
30107010EA;Корпус для опоры Integrato;шт;1283;;;Опора;1,75;
30107020EA;INTEGRATO Корпус для опоры;шт;2225;;;Опора;12,58;
30107030EA;INTEGRATO Корпус для опоры;шт;2319;;;Опора;14,49;
3030152000;REKORD2 Сверло для установки опоры;шт;513;;;Опора;2995,00;
3030153000;REKORD2 Сверло для установки опоры;шт;2966;;;Опора;2995,00;
31501030WI;Клипса для деревянного цоколя;шт;2605;;;Опора;28,77;
31504010ZN;Шток для крепления клипсы для деревянного цоколя;шт;269;;;Опора;16,04;
4017CR01;Ножка ;шт;741;;;Опора;13,15;
552110;Скоба внутренняя металлическая;шт;1533;;;Опора;40,00;
6494916DX;KEY;шт;1611;;;Опора;459,70;
6494917SX;KEY;шт;2476;;;Опора;459,70;
6520105;REKORD Опора регулируемая;шт;826;;;Опора;101,57;
X4RG710;Опора для стола;упак;2535;;;Опора;1200,00;
6520107;REKORD Опора регулируемая;шт;1868;;;Опора;112,52;
6520109;REKORD Опора регулируемая;шт;1896;;;Опора;128,64;
6520112;REKORD Опора регулируемая;шт;1811;;;Опора;143,27;
65444;POTENT Регулятор высоты 2 ;шт;398;;;Опора;6,55;
6555120;INTEGRATO Z Опора регулируемая;шт;1332;;;Опора;47,50;
6563860;INTEGRATO Опора регулируемая с шипами;шт;100;;;Опора;48,27;
6565550;INTEGRATO Опора регулируемая со штифтами;шт;1510;;;Опора;51,95;
6565570;INTEGRATO Опора регулируемая со штифтами;шт;373;;;Опора;54,92;
6565850;INTEGRATO Опора регулируемая с шипами;шт;1730;;;Опора;49,76;
6565870;INTEGRATO Опора регулируемая с шипами;шт;812;;;Опора;54,07;
6566100;ATACAMA Опора регулируемая с поддержкой дна и боковины;шт;167;;;Опора;108,28;
6568100;ATACAMA J Опора;шт;1103;;;Опора;245,68;
LEVM10X15;Ножка мебельная на подвижном шарнире ;шт;1304;;;Опора;80,22;
LEVM8X70;Опора регулируемая с поддержкой боковины;шт;1192;;;Опора;56,05;
LEVM8X70;Опора регулируемая с поддержкой боковины;шт;1953;;;Опора;56,05;
PI01M6X20;Ножка мебельная черная;шт;543;;;Опора;4,59;
PI02M8X22;Ножка мебельная черная;шт;2660;;;Опора;5,70;
PI02M8X25R;Ножка мебельная черная;шт;2379;;;Опора;5,57;
PI03M10X25;Ножка мебельная черная;шт;1028;;;Опора;9,06;
PI03M10X30R;Ножка мебельная черная;шт;1314;;;Опора;9,08;
PI04668;Ножка мебельная черная;шт;1958;;;Опора;16,67;
PI04;Ножка мебельная черная;шт;1180;;;Опора;5,68;
PI05M6X17;Ножка мебельная черная;шт;935;;;Опора;4,59;
PI05M6X18R;Ножка мебельная черная;шт;638;;;Опора;3,40;
PI06M8X25R;Ножка мебельная черная;шт;86;;;Опора;6,03;
PI06M8X30;Ножка мебельная черная;шт;2614;;;Опора;6,00;
PI07M10X30;Ножка мебельная черная;шт;486;;;Опора;10,99;
PI07M10X30R;Ножка мебельная черная;шт;234;;;Опора;9,45;
PI08CH;Ножка мебельная черная H=7;шт;1422;;;Опора;10,88;
PI09;Ножка мебельная черная;шт;1387;;;Опора;13,73;
PI10M6X20;Ножка мебельная черная;шт;1958;;;Опора;7,49;
PI11PNE;Опора регулируемая с поддержкой боковины;шт;1185;;;Опора;17,46;
PI14;Ножка мебельная с прямым шлицем черная;шт;2437;;;Опора;10,46;
PI77PNE;Ножка мебельная на подвижном шарнире черная;шт;2467;;;Опора;85,10;
T210K1425000;Опора врезная;компл;2670;;;Опора;51,50;
T210K2032101;Опора врезная;шт;966;;;Опора;24,97;
T210KNE2025101;Опора врезная;шт;666;;;Опора;24,97;
20Х20Х15;Заглушка;шт;1195;;;Подпятники;3,00;
20Х20Х15Н;Заглушка;шт;1799;;;Подпятники;3,00;
25Х25M8;Заглушка;шт;2837;;;Подпятники;15,96;
25Х25М10;Заглушка;шт;1742;;;Подпятники;17,02;
25Х25Х15;Заглушка;шт;1542;;;Подпятники;3,00;
H008D14;Подпятник с гвоздем белый;шт;1801;;;Подпятники;0,99;
HR15NB;Подпятник самоклеящийся круглый D;упак;385;;;Подпятники;25,37;
HR15W;Подпятник самоклеящийся круглый D;упак;2660;;;Подпятники;25,37;
HR19G;SuperGlide Подпятник круглый;шт;1099;;;Подпятники;20,57;
HR19N;SuperGlide Подпятник круглый;шт;1492;;;Подпятники;23,32;
HR19S;SuperGlide Подпятник круглый;шт;2246;;;Подпятники;23,32;
HR20NB;Подпятник самоклеящийся круглый D2;упак;860;;;Подпятники;46,30;
HR20W;Подпятник самоклеящийся круглый D2;упак;85;;;Подпятники;46,30;
HR25NB;Подпятник самоклеящийся круглый D2;упак;1032;;;Подпятники;34,49;
HR25W;Подпятник самоклеящийся круглый D2;упак;968;;;Подпятники;34,49;
HR30G;SuperGlide Подпятник круглый;шт;725;;;Подпятники;28,06;
HR30N;SuperGlide Подпятник круглый;шт;638;;;Подпятники;32,58;
HR30S;SuperGlide Подпятник круглый;шт;986;;;Подпятники;32,58;
HR35NB;Подпятник самоклеящийся круглый D;упак;1554;;;Подпятники;21,13;
HR35W;Подпятник самоклеящийся круглый D;упак;1791;;;Подпятники;21,13;
HS2020NB;Подпятник самоклеящийся квадратный 2;упак;1166;;;Подпятники;46,30;
HS2020W;Подпятник самоклеящийся квадратный 2;упак;2999;;;Подпятники;46,30;
HS3030NB;Подпятник самоклеящийся квадратный ;упак;2673;;;Подпятники;20,21;
HS3030W;Подпятник самоклеящийся квадратный ;упак;980;;;Подпятники;20,21;
HS4040NB;Подпятник самоклеящийся квадратный ;упак;219;;;Подпятники;40,43;
HS4040W;Подпятник самоклеящийся квадратный ;упак;2956;;;Подпятники;40,43;
SC01PNE;Подпятник черный;шт;1898;;;Подпятники;1,20;
SC10PMA;Клин монтажный;шт;2842;;;Подпятники;3,46;
ГВОЗДЬ1000ШТ;Подпятник мебельный под гвоздь;упак;2809;;;Подпятники;590,00;
КРУГЛЫЙ1ШТ;Подпятник черный круглый;шт;496;;;Подпятники;0,61;
101A2GR;Опора дву;шт;1920;;;опора;94,00;
101B2GR;Опора дву;шт;2250;;;опора;88,56;
552110;Скоба внутренняя металлическая;шт;1632;;;опора;40,00;
613R1;Колесо для опоры с заглушкой;шт;1233;;;опора;472,07;
CS40U;Опора колесная с U;шт;1150;;;опора;26,22;
CST10;Опора дву;шт;2431;;;опора;133,16;
CST20;Опора дву;шт;1796;;;опора;147,72;
CST79CHROME;Опора дву;шт;1424;;;опора;373,47;
CST79GREY;Опора дву;шт;948;;;опора;363,86;
CST80CHROME;Опора дву;шт;2773;;;опора;406,83;
CST80GREY;Опора дву;шт;617;;;опора;397,22;
CSU50P;Опора колесная с площадкой;шт;1598;;;опора;57,82;
FIX06;Площадка 7;шт;698;;;опора;38,59;
FIX09;Штифт м для усиленны;шт;962;;;опора;19,30;
Helen80Chrome;Опора Helen   ;шт;671;;;опора;75,00;
JOK034CZN01;Опора ;шт;1100;;;опора;159,88;
OK40;Опора дву;шт;668;;;опора;16,19;
OK40;Опора дву;шт;2907;;;опора;15,62;
OK50;Опора дву;шт;1659;;;опора;18,45;
OK50;Опора дву;шт;1707;;;опора;17,88;
PV06;Площадка ;шт;1259;;;опора;15,24;
PV09;Штифт м к опорам RU79 и RU;шт;1926;;;опора;21,20;
RU55PNE;Опора колесная;шт;445;;;опора;97,40;
RU79;Опора дву;шт;208;;;опора;388,74;
RU80;Опора дву;шт;995;;;опора;424,08;
W00;Опора дву;шт;290;;;опора;132,95;
W00B;Опора дву;шт;389;;;опора;141,01;
W01;Опора дву;шт;2322;;;опора;144,75;
W01B;Опора дву;шт;1455;;;опора;147,72;
W02;Опора одноколесная с площадкой;шт;2940;;;опора;163,27;
W03;Опора дву;шт;508;;;опора;39,50;
W04;Опора дву;шт;1311;;;опора;103,90;
КП3;Опора колесная;шт;2557;;;опора;5,49;
КП3М;Опора колесная;шт;2430;;;опора;17,14;
КП3Н;Опора колесная;шт;1848;;;опора;7,35;
КП5;Опора колесная;шт;2115;;;опора;17,00;
КП5М;Опора колесная;шт;1895;;;опора;23,15;
ОК40;Опора дву;шт;2588;;;опора;14,84;
ОК40;Опора дву;шт;2767;;;опора;14,14;
ОК50;Опора дву;шт;1271;;;опора;17,10;
ОК50;Опора дву;шт;1709;;;опора;16,68;
100R;Навес;шт;401;;;навесы;2,50;
200R;Навес;шт;540;;;навесы;2,50;
300R;Навес;шт;1667;;;навесы;3,98;
4247156;Discus Крепление для панели ;компл;1659;;;навесы;16,53;
55015R;мебельный навес универсальный;шт;2159;;;навесы;17,17;
55019R;мебельный навес универсальный;шт;388;;;навесы;15,00;
55031016;мебельный навес универсальный;шт;1000;;;навесы;14,49;
55031017;мебельный навес универсальный;шт;188;;;навесы;14,49;
5503115;мебельный навес универсальный;шт;711;;;навесы;19,51;
5503119;мебельный навес универсальный;шт;981;;;навесы;19,26;
60103350ZN;LIKU Саморез с полукруглой головкой под крест для крепления мебельного навеса;шт;138;;;навесы;4,24;
60203540ZN;LIBRA H7 Саморез с полукруглой головкой под крест для крепления мебельного навеса;шт;995;;;навесы;6,43;
63412030EA;Врезной навес с крюком для стеновы;шт;2391;;;навесы;50,61;
63420010ZN;LIBRA H Скрытый мебельный навес универсальный с креплением на саморезы;шт;2681;;;навесы;63,40;
63420020ZN;LIBRA H2 Скрытый мебельный навес универсальный с креплением на штоки и фиксатор;шт;777;;;навесы;74,85;
63420500ZN;LIBRA H6 Скрытый мебельный навес с креплением на штоки D;шт;1269;;;навесы;354,04;
63420510ZN;LIBRA H6 Скрытый мебельный навес с креплением на штоки D;шт;1557;;;навесы;354,04;
63422200ZN;LIBRA H7 мебельный навес для коробов нижнего яруса с креплением на штоки;шт;331;;;навесы;463,87;
63422210ZN;LIBRA H7 мебельный навес для коробов нижнего яруса с креплением на штоки;шт;1071;;;навесы;463,87;
63450010ZN;LIBRA WP Планка для навесов;шт;812;;;навесы;24,10;
63450020ZN;LIBRA WP2 Планка для навесов с вертикальной регулировкой;шт;2259;;;навесы;36,12;
63450050ZN;LIBRA WP Планка для навесов для коробов нижнего яруса;шт;2363;;;навесы;108,78;
63460010ZN;LIBRA CC Заглушка для навесов D2;шт;1624;;;навесы;12,00;
63461010BL;LIBRA CC2 Заглушка для навесов D2;шт;1045;;;навесы;7,07;
63461010GR;LIBRA CC2 Заглушка для навесов D2;шт;2534;;;навесы;7,07;
63461010WH;LIBRA CC2 Заглушка для навесов D2;шт;1712;;;навесы;7,07;
63463010GR;LIBRA CC Заглушка для навесов D;шт;1439;;;навесы;11,31;
63463010WH;LIBRA CC Заглушка для навесов D;шт;2506;;;навесы;11,31;
63466010ZN;LIBRA CC Заглушка для навесов D2;шт;316;;;навесы;15,90;
63801000;LIKU Скрытый навес универсальный для конструкций без задней стенки;шт;213;;;навесы;561,84;
63802400ZN;LIKU WP Планка для скрытого навеса;шт;2978;;;навесы;177,41;
64000109;LIBRA CH Конечный элемент профиля;шт;407;;;навесы;88,00;
64003001;LIBRA CH вертикальный профиль;шт;2612;;;навесы;687,22;
64004001;LIBRA CH вертикальный профиль;шт;155;;;навесы;757,76;
64006001;LIBRA CH вертикальный профиль;шт;2864;;;навесы;909,16;
650012001;LIBRA BS Навес для ку;компл;850;;;навесы;11587,77;
65004501;LIBRA BS Навес для ку;компл;1225;;;навесы;5927,81;
65006001;LIBRA BS Навес для ку;компл;1055;;;навесы;9484,55;
65009001;LIBRA BS Навес для ку;компл;2142;;;навесы;10025,60;
6710496100;LIBRA H7 Алюминиевый профиль для навеса;шт;1511;;;навесы;590,04;
6710796200;LIBRA H7 Алюминиевый профиль для навеса;шт;1354;;;навесы;874,24;
6711096300;LIBRA H7 Алюминиевый профиль для навеса;шт;2363;;;навесы;1378,90;
612052M;Рейка для мебельны;шт;1090;;;навесы;224,90;
612052M;Рейка для мебельны;шт;2862;;;навесы;98,81;
612053M;Рейка для мебельны;шт;2179;;;навесы;170,35;
ATC1510500;Универсальный навес с фиксацией;компл;1714;;;навесы;271,62;
K013001L101; мебельный навес цельнометаллический на футорка;шт;1243;;;навесы;78,38;
K013001R101; мебельный навес цельнометаллический на футорка;шт;1669;;;навесы;78,38;
K013C00L901; Заглушка для мебельного навеса;шт;2639;;;навесы;8,34;
K013C00L911; Заглушка для мебельного навеса;шт;1275;;;навесы;8,34;
K013C00L971; Заглушка для мебельного навеса;шт;1703;;;навесы;8,34;
K013C00L972; Заглушка для мебельного навеса;шт;2994;;;навесы;10,74;
K013C00R901; Заглушка для мебельного навеса;шт;1707;;;навесы;8,34;
K013C00R911; Заглушка для мебельного навеса;шт;197;;;навесы;8,34;
K013C00R971; Заглушка для мебельного навеса;шт;2066;;;навесы;8,34;
K013C00R972; Заглушка для мебельного навеса;шт;2706;;;навесы;10,74;
K014001101;Универсальный навес для стеновы;шт;2470;;;навесы;65,66;
K014A00101;Планка для универсального навеса для стеновы;шт;716;;;навесы;17,32;
K015001L000; мебельный навес;шт;278;;;навесы;40,16;
K015001L000;мебельный навес;шт;2381;;;навесы;30,98;
K015001R000; мебельный навес;шт;1771;;;навесы;40,16;
K015001R000;мебельный навес;шт;1431;;;навесы;30,98;
K015C00L911; Заглушка для мебельного навеса;шт;590;;;навесы;8,55;
K015C00L911;Заглушка для мебельного навеса;шт;2507;;;навесы;7,29;
K015C00L971; Заглушка для мебельного навеса;шт;78;;;навесы;8,55;
K015C00L971;Заглушка для мебельного навеса;шт;1294;;;навесы;7,29;
K015C00R911; Заглушка для мебельного навеса;шт;2991;;;навесы;8,55;
K015C00R911;Заглушка для мебельного навеса;шт;1993;;;навесы;7,29;
K015C00R971; Заглушка для мебельного навеса;шт;2358;;;навесы;8,55;
K015C00R971;Заглушка для мебельного навеса;шт;2286;;;навесы;7,29;
K015C01L901; Заглушка для мебельного навеса;шт;760;;;навесы;8,55;
K015C01L901;Заглушка для мебельного навеса;шт;156;;;навесы;7,29;
K015C01R901; Заглушка для мебельного навеса;шт;736;;;навесы;8,55;
K015C01R901;Заглушка для мебельного навеса;шт;2863;;;навесы;7,29;
K015C02L120; Заглушка для мебельного навеса;шт;2526;;;навесы;13,85;
K015C02R120; Заглушка для мебельного навеса;шт;2793;;;навесы;13,85;
K021A01101;;компл;846;;;навесы;322,44;
K025001101; Навес для стеновы;шт;2367;;;навесы;96,48;
K025002101; Навес для стеновы;шт;2471;;;навесы;112,81;
K025A00101; Планка для навеса стеновы;шт;2551;;;навесы;23,04;
K075001L007; мебельный навес для коробов нижнего яруса;шт;705;;;навесы;126,16;
K075001R007; мебельный навес для коробов нижнего яруса;шт;2918;;;навесы;126,16;
K075C01L006; Заглушка для мебельного навеса;шт;162;;;навесы;11,17;
K075C01L008; Заглушка для мебельного навеса;шт;2095;;;навесы;11,17;
K075C01R006; Заглушка для мебельного навеса;шт;2140;;;навесы;11,17;
K075C01R008; Заглушка для мебельного навеса;шт;1853;;;навесы;11,17;
K075CH023007; Планка для мебельного навеса;шт;1188;;;навесы;63,40;
N2D22X40X81L;Навес металлический с креплением в дву;шт;2088;;;навесы;6,86;
N2D22X40X81R;Навес металлический с креплением в дву;шт;1809;;;навесы;6,86;
NH38X34;Навес мебельный с горизонтальным креплением;шт;2485;;;навесы;2,92;
510C000500;Накладка декоративная на чашку петли;шт;2532;;;Петли;5,44;
510C000500C;Накладка декоративная на чашку петли;шт;448;;;Петли;2,26;
510Y00050N;Накладка декоративная на плечо петли;шт;1727;;;Петли;3,39;
510YFGV500;Накладка декоративная на плечо петли;шт;1620;;;Петли;4,10;
520SP60605;Подкладка для изменения уст;шт;841;;;Петли;7,14;
63463010GR;LIBRA CC Заглушка для навесов D;шт;1439;;;навесы;11,31;
A901;Пере;шт;1914;;;Петли;1,50;
CB03;Накладка декоративная на чашку петли;шт;2177;;;Петли;1,68;
CC90;Накладка декоративная на плечо петли;шт;1460;;;Петли;0,43;
CC92GM;Накладка декоративная на плечо петли;шт;2698;;;Петли;0,40;
D9FNGK62;Скользящий упор для карусельной двери;компл;238;;;Петли;3,35;
F072135500;Заглушка на плечо петли TIOMOS;шт;920;;;Петли;7,00;
F072135503;Заглушка на чашку петли TIOMOS;шт;2195;;;Петли;13,71;
F072135751;Ограничитель угла открывания до  грд;шт;1179;;;Петли;23,11;
F072135757;Площадка для изменения угла установки петли TIOMOS + грд;шт;1578;;;Петли;31,59;
F072135758;Площадка для изменения угла установки петли TIOMOS ;шт;1728;;;Петли;31,59;
V6310;Евровинт с полукруглой головкой для соосного крепления площадок петель;шт;2818;;;Петли;2,19;
СС911;Накладка декоративная на плечо петли;шт;2478;;;Петли;0,61;
51ASH50500C;Петля Integra slowmotion со встроенным доводчиком стандартная ;шт;2015;;;Петли;24,30;
51MN450522;Петля для ДСП 6;шт;2701;;;Петли;82,00;
51MS150500;Петля Slide;шт;2877;;;Петли;15,27;
51MS150508;Петля Slide;шт;486;;;Петли;18,24;
63463010GR;LIBRA CC Заглушка для навесов D;шт;1439;;;навесы;11,31;
51MS150515;Петля Slide;шт;1977;;;Петли;17,00;
51MS15P508;Петля Slide;шт;1237;;;Петли;19,73;
51MS850525;Петля Slide;шт;703;;;Петли;23,60;
51MS85M590;Петля Slide;шт;2939;;;Петли;47,00;
51MT150500;Петля для ДСП 6;шт;2952;;;Петли;41,82;
51QS150500;Петля Mini QS стандартная ;шт;673;;;Петли;15,00;
C121201;Петля Mini 2 стандартная ;шт;2951;;;Петли;5,50;
C121203;Петля Mini 2 угловая ;шт;1984;;;Петли;7,16;
C121208;Петля Mini 2 прямая ;шт;1140;;;Петли;7,16;
C123150;Петля Mini 2 для стекла стандартная ;шт;152;;;Петли;5,50;
C123150подсаморез;Петля стандартная накладная площадка под саморез;компл;161;;;Петли;12,41;
C123150подсаморез;Петля стандартная накладная площадка под саморез;компл;1885;;;Петли;12,41;
C123150подсаморез;Петля стандартная накладная площадка под саморез;компл;720;;;Петли;15,46;
C123150подсаморез;Петля стандартная накладная площадка под саморез;компл;1684;;;Петли;12,41;
C123150подсаморез;Петля стандартная накладная площадка под саморез;компл;729;;;Петли;12,41;
C123150подсаморез;Петля стандартная накладная площадка под саморез;компл;537;;;Петли;12,41;
C123150подсаморез;Петля стандартная накладная площадка под саморез;компл;644;;;Петли;12,41;
C123150подсаморез;Петля стандартная накладная площадка под саморез;компл;826;;;Петли;12,41;
C123150подсаморез;Петля стандартная накладная площадка под саморез;компл;2171;;;Петли;13,96;
C123150подсаморез;Петля стандартная накладная площадка под саморез;компл;792;;;Петли;13,96;
C123150севровинтом;Петля стандартная накладная площадка с евровинтами;компл;572;;;Петли;12,41;
C123150севровинтом;Петля стандартная накладная площадка с евровинтами;компл;1003;;;Петли;12,41;
C123150севровинтом;Петля стандартная накладная площадка с евровинтами;компл;1723;;;Петли;15,46;
C123150севровинтом;Петля стандартная накладная площадка с евровинтами;компл;1908;;;Петли;12,41;
C123150севровинтом;Петля стандартная накладная площадка с евровинтами;компл;317;;;Петли;12,41;
C123150севровинтом;Петля стандартная накладная площадка с евровинтами;компл;1871;;;Петли;12,41;
C123150севровинтом;Петля стандартная накладная площадка с евровинтами;компл;1654;;;Петли;12,41;
C123150севровинтом;Петля стандартная накладная площадка с евровинтами;компл;1365;;;Петли;12,41;
C123150севровинтом;Петля стандартная накладная площадка с евровинтами;компл;2476;;;Петли;13,96;
C123150севровинтом;Петля стандартная накладная площадка с евровинтами;компл;1663;;;Петли;13,96;
C123152подсаморез;Петля стандартная вкладная площадка под саморез;компл;1400;;;Петли;17,91;
C123152подсаморез;Петля стандартная вкладная площадка под саморез;компл;2627;;;Петли;17,91;
C123152подсаморез;Петля стандартная вкладная площадка под саморез;компл;1408;;;Петли;20,96;
C123152подсаморез;Петля стандартная вкладная площадка под саморез;компл;1096;;;Петли;17,91;
C123152подсаморез;Петля стандартная вкладная площадка под саморез;компл;2882;;;Петли;17,91;
C123152подсаморез;Петля стандартная вкладная площадка под саморез;компл;725;;;Петли;17,91;
C123152подсаморез;Петля стандартная вкладная площадка под саморез;компл;2014;;;Петли;17,91;
C123152подсаморез;Петля стандартная вкладная площадка под саморез;компл;452;;;Петли;17,91;
C123152подсаморез;Петля стандартная вкладная площадка под саморез;компл;1098;;;Петли;19,46;
C123152подсаморез;Петля стандартная вкладная площадка под саморез;компл;161;;;Петли;19,46;
C123152севровинтом;Петля стандартная вкладная площадка с евровинтами;компл;1609;;;Петли;17,91;
C123152севровинтом;Петля стандартная вкладная площадка с евровинтами;компл;1137;;;Петли;17,91;
C123152севровинтом;Петля стандартная вкладная площадка с евровинтами;компл;2647;;;Петли;20,96;
C123152севровинтом;Петля стандартная вкладная площадка с евровинтами;компл;1692;;;Петли;17,91;
C123152севровинтом;Петля стандартная вкладная площадка с евровинтами;компл;1477;;;Петли;17,91;
C123152севровинтом;Петля стандартная вкладная площадка с евровинтами;компл;1983;;;Петли;17,91;
C123152севровинтом;Петля стандартная вкладная площадка с евровинтами;компл;1901;;;Петли;17,91;
C123152севровинтом;Петля стандартная вкладная площадка с евровинтами;компл;1489;;;Петли;17,91;
C123152севровинтом;Петля стандартная вкладная площадка с евровинтами;компл;1215;;;Петли;19,46;
C123152севровинтом;Петля стандартная вкладная площадка с евровинтами;компл;134;;;Петли;19,46;
C123153;Петля Mini 2 для стекла угловая ;шт;941;;;Петли;8,50;
C123153подсаморез;Петля угловая ;компл;837;;;Петли;15,41;
C123153подсаморез;Петля угловая ;компл;1985;;;Петли;15,41;
C123153подсаморез;Петля угловая ;компл;333;;;Петли;18,46;
C123153подсаморез;Петля угловая ;компл;2862;;;Петли;15,41;
C123153подсаморез;Петля угловая ;компл;723;;;Петли;15,41;
C123153подсаморез;Петля угловая ;компл;2003;;;Петли;15,41;
C123153подсаморез;Петля угловая ;компл;100;;;Петли;15,41;
C123153подсаморез;Петля угловая ;компл;2543;;;Петли;15,41;
C123153подсаморез;Петля угловая ;компл;680;;;Петли;16,96;
C123153подсаморез;Петля угловая ;компл;2650;;;Петли;16,96;
C123153севровинтом;Петля угловая ;компл;417;;;Петли;15,41;
C123153севровинтом;Петля угловая ;компл;1987;;;Петли;15,41;
C123153севровинтом;Петля угловая ;компл;2484;;;Петли;18,46;
C123153севровинтом;Петля угловая ;компл;582;;;Петли;15,41;
C123153севровинтом;Петля угловая ;компл;2294;;;Петли;15,41;
C123153севровинтом;Петля угловая ;компл;545;;;Петли;15,41;
C123153севровинтом;Петля угловая ;компл;2060;;;Петли;15,41;
C123153севровинтом;Петля угловая ;компл;2293;;;Петли;15,41;
C123153севровинтом;Петля угловая ;компл;2641;;;Петли;16,96;
C123153севровинтом;Петля угловая ;компл;950;;;Петли;16,96;
C123158;Петля Mini 2 для стекла прямая ;шт;1948;;;Петли;8,50;
C123158подсаморез;Петля прямая ;компл;455;;;Петли;15,41;
C123158подсаморез;Петля прямая ;компл;1406;;;Петли;15,41;
C123158подсаморез;Петля прямая ;компл;1505;;;Петли;18,46;
C123158подсаморез;Петля прямая ;компл;1125;;;Петли;15,41;
C123158подсаморез;Петля прямая ;компл;50;;;Петли;15,41;
C123158подсаморез;Петля прямая ;компл;778;;;Петли;15,41;
C123158подсаморез;Петля прямая ;компл;1557;;;Петли;15,41;
C123158подсаморез;Петля прямая ;компл;2633;;;Петли;15,41;
C123158подсаморез;Петля прямая ;компл;345;;;Петли;16,96;
C123158подсаморез;Петля прямая ;компл;2354;;;Петли;15,41;
C123158севровинтом;Петля прямая ;компл;2195;;;Петли;15,41;
C123158севровинтом;Петля прямая ;компл;2192;;;Петли;15,41;
C123158севровинтом;Петля прямая ;компл;154;;;Петли;18,46;
C123158севровинтом;Петля прямая ;компл;2086;;;Петли;15,41;
C123158севровинтом;Петля прямая ;компл;534;;;Петли;15,41;
C123158севровинтом;Петля прямая ;компл;1055;;;Петли;15,41;
C123158севровинтом;Петля прямая ;компл;448;;;Петли;15,41;
C123158севровинтом;Петля прямая ;компл;2417;;;Петли;15,41;
C123158севровинтом;Петля прямая ;компл;1799;;;Петли;16,96;
C123158севровинтом;Петля прямая ;компл;2259;;;Петли;16,96;
C91505BW;Петля Anyway Clip 9 DIGIT стандартная ;шт;183;;;Петли;5,50;
C95028LH;Петля Slide;шт;2369;;;Петли;5,00;
C95028MH;Петля Slide;шт;1892;;;Петли;5,00;
C95304C;Петля Slide;шт;621;;;Петли;21,50;
C95350A;Петля Slide;шт;1101;;;Петли;4,50;
C95350B;Петля Slide;шт;2907;;;Петли;4,50;
E20086D;Петля Harmony со встроенным доводчиком угловая ;шт;2491;;;Петли;14,64;
E21087C;Петля Harmony со встроенным доводчиком стандартная ;шт;1010;;;Петли;26,23;
F078073812;Петля мини E9 вкладная;шт;2145;;;Петли;30,00;
G2264;Заглушка декоративная Mini 2 круглая;шт;97;;;Петли;3,05;
G2265;Заглушка декоративная Mini 2 круглая;шт;1262;;;Петли;3,05;
G226L;Заглушка декоративная Mini 2 круглая;шт;2108;;;Петли;3,05;
G226V;Заглушка декоративная Mini 2 круглая;шт;382;;;Петли;3,05;
G2274;Заглушка декоративная Mini 2 D;шт;204;;;Петли;3,05;
G2275;Заглушка декоративная Mini 2 D;шт;1089;;;Петли;3,05;
G227L;Заглушка декоративная Mini 2 D;шт;1889;;;Петли;3,05;
GA26L;Кольцо крепежное Mini 2 круглое;шт;1433;;;Петли;1,68;
GA27L;Кольцо крепежное Mini 2 D;шт;720;;;Петли;1,68;
H90086DW;Петля Anyway Clip 9 угловая ;шт;522;;;Петли;4,50;
H90086NW;Петля Anyway Clip 9 угловая ;шт;729;;;Петли;4,5;
H95086DH;Петля Slide;шт;848;;;Петли;5,00;
H95086EH;Петля Slide;шт;1228;;;Петли;5,00;
H95086NH;Петля Slide;шт;2553;;;Петли;5,00;
H95086PH;Петля Slide;шт;1730;;;Петли;5,00;
H95087AH;Петля Slide;шт;2230;;;Петли;11,00;
H95087BH;Петля Slide;шт;2947;;;Петли;4,50;
V220;Винт для кольца Mini 2;шт;2796;;;Петли;0,25;
W90086DW;Петля Anyway Clip 9 угловая ;шт;1397;;;Петли;4,50;
W95086D;Петля Slide;шт;2961;;;Петли;7,00;
W95086N;Петля Slide;шт;2274;;;Петли;7,00;
W95087A;Петля Slide;шт;1241;;;Петли;4,50;
W95087B;Петля Slide;шт;630;;;Петли;4,50;
2021BLACK;Компл;компл;905;;;Петли;58,81;
2023BRASS;Компл;компл;214;;;Петли;5,00;
3005CR;Компл;компл;1592;;;Петли;321,59;
3005GD;Компл;компл;2260;;;Петли;115,00;
3005MN;Компл;компл;1730;;;Петли;321,59;
40107020HD;Петля под саморез для откидной створки;шт;560;;;Петли;201,30;
40107020HDCH;Петля под саморез для откидной створки;шт;1444;;;Петли;64,25;
A04;Петля четыре;шт;291;;;Петли;98,25;
C010000801;KIMANA Адаптер высотой  ;шт;2080;;;Петли;42,48;
C010000802;KIMANA Адаптер высотой ;шт;2041;;;Петли;169632,00;
C010000881;KIMANA Петля для откидны;компл;385;;;Петли;306,04;
CE01;Петля карточная;шт;687;;;Петли;34,55;
CF0000AH;Линейная установочная площадка CF ;шт;2701;;;Петли;24,74;
CF0000BH;Крестовая установочная площадка CF ;шт;131;;;Петли;24,67;
CF01024CL;Петля CF для стекл;шт;1699;;;Петли;310,99;
CF01024NP;Петля CF для стекл;шт;231;;;Петли;310,99;
CF01025CL;Петля CF для стекл;шт;2444;;;Петли;310,99;
CF01025NP;Петля CF для стекл;шт;1320;;;Петли;310,99;
CIK000;Петля потайная бронза D;шт;977;;;Петли;75,13;
CIK001;Петля потайная бронза D2;шт;1063;;;Петли;86,02;
CIK002;Петля потайная бронза D;шт;2244;;;Петли;96,90;
CIK003;Петля потайная бронза D6;шт;2742;;;Петли;118,67;
CIK004;Петля потайная бронза D;шт;2644;;;Петли;141,57;
D;Ручка для стекл;шт;2793;;;Петли;43,40;
D;Компл;компл;1855;;;Петли;219,74;
D;Ручка для стекл;шт;1968;;;Петли;15,00;
D;Ручка для стекл;шт;1837;;;Петли;109,55;
D;Компл;компл;2572;;;Петли;52,50;
D;Компл;компл;815;;;Петли;302,37;
D;Компл;компл;621;;;Петли;302,37;
F150000006;MB Чашка для петель одношарнирны;шт;1382;;;Петли;102,27;
F150000007;MB;компл;1410;;;Петли;18723132,00;
F150000008;MB;компл;2707;;;Петли;187,23;
F150000013;MB;компл;2249;;;Петли;187,23;
RD14E;Петля для откидны;шт;1193;;;Петли;86,02;
RD14EBR;Петля для откидны;шт;2068;;;Петли;86,02;
ZS1002Л;Петля карточная бронза ;шт;830;;;Петли;72,80;
ZS1002П;Петля карточная бронза ;шт;1433;;;Петли;72,80;
ZS9004Б;Компл;упак;1060;;;Петли;3180,32;
ZS9004;Компл;упак;1882;;;Петли;5464,77;
ZS9005;Компл;компл;1160;;;Петли;33,00;
ZS9005Б;Компл;компл;452;;;Петли;30,00;
ZS9008;Компл;компл;2489;;;Петли;115,07;
ZS9008Б;Компл;компл;245;;;Петли;72,66;
ZS9030Б;Компл;компл;118;;;Петли;34,00;
